Primo en posición,Tiempo de ejecución (s)
1,0.00018477439880371094
2,0.00011587142944335938
3,0.002571582794189453
4,0.029196739196777344
5,0.34047770500183105
6,4.692177772521973
7,51.19092845916748
